[
    {
        "pk": 1109, 
        "model": "metadata.taxonomyhierarchy", 
        "fields": {
            "name": "ESOcast", 
            "top_level": "X", 
            "level1": 100, 
            "level2": 19, 
            "level3": null, 
            "level4": null, 
            "level5": null
        }
    }, 
    {
        "pk": 1110, 
        "model": "metadata.taxonomyhierarchy", 
        "fields": {
            "name": "Events", 
            "top_level": "X", 
            "level1": 100, 
            "level2": 20, 
            "level3": null, 
            "level4": null, 
            "level5": null
        }
    }, 
    {
        "pk": 1108, 
        "model": "metadata.taxonomyhierarchy", 
        "fields": {
            "name": "Video News Releases", 
            "top_level": "X", 
            "level1": 100, 
            "level2": 18, 
            "level3": null, 
            "level4": null, 
            "level5": null
        }
    }, 
    {
        "pk": 1107, 
        "model": "metadata.taxonomyhierarchy", 
        "fields": {
            "name": "About ESO", 
            "top_level": "X", 
            "level1": 100, 
            "level2": 17, 
            "level3": null, 
            "level4": null, 
            "level5": null
        }
    }, 
    {
        "pk": 1105, 
        "model": "metadata.taxonomyhierarchy", 
        "fields": {
            "name": "E-ELT", 
            "top_level": "X", 
            "level1": 100, 
            "level2": 15, 
            "level3": null, 
            "level4": null, 
            "level5": null
        }
    }, 
    {
        "pk": 1106, 
        "model": "metadata.taxonomyhierarchy", 
        "fields": {
            "name": "ALMA", 
            "top_level": "X", 
            "level1": 100, 
            "level2": 16, 
            "level3": null, 
            "level4": null, 
            "level5": null
        }
    }, 
    {
        "pk": 1104, 
        "model": "metadata.taxonomyhierarchy", 
        "fields": {
            "name": "Star Clusters", 
            "top_level": "X", 
            "level1": 100, 
            "level2": 14, 
            "level3": null, 
            "level4": null, 
            "level5": null
        }
    }, 
    {
        "pk": 1103, 
        "model": "metadata.taxonomyhierarchy", 
        "fields": {
            "name": "Quasars & Black Holes", 
            "top_level": "X", 
            "level1": 100, 
            "level2": 13, 
            "level3": null, 
            "level4": null, 
            "level5": null
        }
    }, 
    {
        "pk": 1102, 
        "model": "metadata.taxonomyhierarchy", 
        "fields": {
            "name": "Illustrations", 
            "top_level": "X", 
            "level1": 100, 
            "level2": 12, 
            "level3": null, 
            "level4": null, 
            "level5": null
        }
    }, 
    {
        "pk": 1101, 
        "model": "metadata.taxonomyhierarchy", 
        "fields": {
            "name": "Stars", 
            "top_level": "X", 
            "level1": 100, 
            "level2": 11, 
            "level3": null, 
            "level4": null, 
            "level5": null
        }
    }, 
    {
        "pk": 1100, 
        "model": "metadata.taxonomyhierarchy", 
        "fields": {
            "name": "Premises", 
            "top_level": "X", 
            "level1": 100, 
            "level2": 10, 
            "level3": null, 
            "level4": null, 
            "level5": null
        }
    }, 
    {
        "pk": 1099, 
        "model": "metadata.taxonomyhierarchy", 
        "fields": {
            "name": "La Silla", 
            "top_level": "X", 
            "level1": 100, 
            "level2": 9, 
            "level3": null, 
            "level4": null, 
            "level5": null
        }
    }, 
    {
        "pk": 1098, 
        "model": "metadata.taxonomyhierarchy", 
        "fields": {
            "name": "Cosmology", 
            "top_level": "X", 
            "level1": 100, 
            "level2": 8, 
            "level3": null, 
            "level4": null, 
            "level5": null
        }
    }, 
    {
        "pk": 1097, 
        "model": "metadata.taxonomyhierarchy", 
        "fields": {
            "name": "Galaxies", 
            "top_level": "X", 
            "level1": 100, 
            "level2": 7, 
            "level3": null, 
            "level4": null, 
            "level5": null
        }
    }, 
    {
        "pk": 1095, 
        "model": "metadata.taxonomyhierarchy", 
        "fields": {
            "name": "APEX", 
            "top_level": "X", 
            "level1": 100, 
            "level2": 5, 
            "level3": null, 
            "level4": null, 
            "level5": null
        }
    }, 
    {
        "pk": 1096, 
        "model": "metadata.taxonomyhierarchy", 
        "fields": {
            "name": "Solar System CATEGORY", 
            "top_level": "X", 
            "level1": 100, 
            "level2": 6, 
            "level3": null, 
            "level4": null, 
            "level5": null
        }
    }, 
    {
        "pk": 1094, 
        "model": "metadata.taxonomyhierarchy", 
        "fields": {
            "name": "Galaxy Clusters", 
            "top_level": "X", 
            "level1": 100, 
            "level2": 4, 
            "level3": null, 
            "level4": null, 
            "level5": null
        }
    }, 
    {
        "pk": 1093, 
        "model": "metadata.taxonomyhierarchy", 
        "fields": {
            "name": "Nebulae", 
            "top_level": "X", 
            "level1": 100, 
            "level2": 3, 
            "level3": null, 
            "level4": null, 
            "level5": null
        }
    }, 
    {
        "pk": 1092, 
        "model": "metadata.taxonomyhierarchy", 
        "fields": {
            "name": "Paranal", 
            "top_level": "X", 
            "level1": 100, 
            "level2": 2, 
            "level3": null, 
            "level4": null, 
            "level5": null
        }
    }, 
    {
        "pk": 1091, 
        "model": "metadata.taxonomyhierarchy", 
        "fields": {
            "name": "People and Events", 
            "top_level": "X", 
            "level1": 100, 
            "level2": 1, 
            "level3": null, 
            "level4": null, 
            "level5": null
        }
    }, 
    {
        "pk": 13, 
        "model": "metadata.facility", 
        "fields": {
            "simbad_compliant": 1, 
            "name": "  Danish 1.54m", 
            "wiki_link": ""
        }
    }, 
    {
        "pk": 10, 
        "model": "metadata.facility", 
        "fields": {
            "simbad_compliant": 1, 
            "name": " Boschum 61cm", 
            "wiki_link": ""
        }
    }, 
    {
        "pk": 6, 
        "model": "metadata.facility", 
        "fields": {
            "simbad_compliant": 1, 
            "name": " Danish 1.54m", 
            "wiki_link": ""
        }
    }, 
    {
        "pk": 2, 
        "model": "metadata.facility", 
        "fields": {
            "simbad_compliant": 1, 
            "name": " ESO 3.6m", 
            "wiki_link": ""
        }
    }, 
    {
        "pk": 12, 
        "model": "metadata.facility", 
        "fields": {
            "simbad_compliant": 1, 
            "name": " MPG/ESO 2.2m", 
            "wiki_link": ""
        }
    }, 
    {
        "pk": 14, 
        "model": "metadata.facility", 
        "fields": {
            "simbad_compliant": 1, 
            "name": " NTT 3.58m", 
            "wiki_link": ""
        }
    }, 
    {
        "pk": 3, 
        "model": "metadata.facility", 
        "fields": {
            "simbad_compliant": 1, 
            "name": " Schmidt 1m", 
            "wiki_link": ""
        }
    }, 
    {
        "pk": 9, 
        "model": "metadata.facility", 
        "fields": {
            "simbad_compliant": 1, 
            "name": "1.4m CAT", 
            "wiki_link": ""
        }
    }, 
    {
        "pk": 4, 
        "model": "metadata.facility", 
        "fields": {
            "simbad_compliant": 1, 
            "name": "Danish 1.54m", 
            "wiki_link": ""
        }
    }, 
    {
        "pk": 8, 
        "model": "metadata.facility", 
        "fields": {
            "simbad_compliant": 1, 
            "name": "ESO 1.52m", 
            "wiki_link": ""
        }
    }, 
    {
        "pk": 5, 
        "model": "metadata.facility", 
        "fields": {
            "simbad_compliant": 1, 
            "name": "ESO 3.6m", 
            "wiki_link": ""
        }
    }, 
    {
        "pk": 1, 
        "model": "metadata.facility", 
        "fields": {
            "simbad_compliant": 1, 
            "name": "MPG/ESO 2.2m", 
            "wiki_link": ""
        }
    }, 
    {
        "pk": 11, 
        "model": "metadata.facility", 
        "fields": {
            "simbad_compliant": 1, 
            "name": "NTT 3.58m", 
            "wiki_link": ""
        }
    }, 
    {
        "pk": 7, 
        "model": "metadata.facility", 
        "fields": {
            "simbad_compliant": 1, 
            "name": "Schmidt 1m ", 
            "wiki_link": ""
        }
    }, 
    {
        "pk": 16, 
        "model": "metadata.subjectname", 
        "fields": {
            "simbad_compliant": 1, 
            "name": " bet Pic", 
            "wiki_link": ""
        }
    }, 
    {
        "pk": 15, 
        "model": "metadata.subjectname", 
        "fields": {
            "simbad_compliant": 1, 
            "name": " Charon", 
            "wiki_link": ""
        }
    }, 
    {
        "pk": 21, 
        "model": "metadata.subjectname", 
        "fields": {
            "simbad_compliant": 1, 
            "name": " Comet Wilson", 
            "wiki_link": ""
        }
    }, 
    {
        "pk": 19, 
        "model": "metadata.subjectname", 
        "fields": {
            "simbad_compliant": 1, 
            "name": " Rotten Egg Nebula", 
            "wiki_link": ""
        }
    }, 
    {
        "pk": 17, 
        "model": "metadata.subjectname", 
        "fields": {
            "simbad_compliant": 1, 
            "name": "(1179) Mally ", 
            "wiki_link": ""
        }
    }, 
    {
        "pk": 27, 
        "model": "metadata.subjectname", 
        "fields": {
            "simbad_compliant": 1, 
            "name": "(3933) Portugal ", 
            "wiki_link": ""
        }
    }, 
    {
        "pk": 32, 
        "model": "metadata.subjectname", 
        "fields": {
            "simbad_compliant": 1, 
            "name": "123P/West-Hartley Comet", 
            "wiki_link": ""
        }
    }, 
    {
        "pk": 13, 
        "model": "metadata.subjectname", 
        "fields": {
            "simbad_compliant": 1, 
            "name": "Abell 370", 
            "wiki_link": ""
        }
    }, 
    {
        "pk": 29, 
        "model": "metadata.subjectname", 
        "fields": {
            "simbad_compliant": 1, 
            "name": "Adaptive optics", 
            "wiki_link": ""
        }
    }, 
    {
        "pk": 12, 
        "model": "metadata.subjectname", 
        "fields": {
            "simbad_compliant": 1, 
            "name": "Ark 120 ", 
            "wiki_link": ""
        }
    }, 
    {
        "pk": 23, 
        "model": "metadata.subjectname", 
        "fields": {
            "simbad_compliant": 1, 
            "name": "Cen A", 
            "wiki_link": ""
        }
    }, 
    {
        "pk": 8, 
        "model": "metadata.subjectname", 
        "fields": {
            "simbad_compliant": 1, 
            "name": "Cloverleaf quasar", 
            "wiki_link": ""
        }
    }, 
    {
        "pk": 28, 
        "model": "metadata.subjectname", 
        "fields": {
            "simbad_compliant": 1, 
            "name": "Comet Austin 1989c1", 
            "wiki_link": ""
        }
    }, 
    {
        "pk": 3, 
        "model": "metadata.subjectname", 
        "fields": {
            "simbad_compliant": 1, 
            "name": "Comet Halley", 
            "wiki_link": ""
        }
    }, 
    {
        "pk": 26, 
        "model": "metadata.subjectname", 
        "fields": {
            "simbad_compliant": 1, 
            "name": "Comet Shoemaker-Levy 9", 
            "wiki_link": ""
        }
    }, 
    {
        "pk": 31, 
        "model": "metadata.subjectname", 
        "fields": {
            "simbad_compliant": 1, 
            "name": "HH 111", 
            "wiki_link": ""
        }
    }, 
    {
        "pk": 6, 
        "model": "metadata.subjectname", 
        "fields": {
            "simbad_compliant": 1, 
            "name": "NTT 3.58m", 
            "wiki_link": ""
        }
    }, 
    {
        "pk": 18, 
        "model": "metadata.subjectname", 
        "fields": {
            "simbad_compliant": 1, 
            "name": "OH231.8+4.2", 
            "wiki_link": ""
        }
    }, 
    {
        "pk": 2, 
        "model": "metadata.subjectname", 
        "fields": {
            "simbad_compliant": 1, 
            "name": "PG 1550+131  ", 
            "wiki_link": ""
        }
    }, 
    {
        "pk": 9, 
        "model": "metadata.subjectname", 
        "fields": {
            "simbad_compliant": 1, 
            "name": "PKS 1145-071 ", 
            "wiki_link": ""
        }
    }, 
    {
        "pk": 20, 
        "model": "metadata.subjectname", 
        "fields": {
            "simbad_compliant": 1, 
            "name": "PKS 2152-69", 
            "wiki_link": ""
        }
    }, 
    {
        "pk": 14, 
        "model": "metadata.subjectname", 
        "fields": {
            "simbad_compliant": 1, 
            "name": "Pluto", 
            "wiki_link": ""
        }
    }, 
    {
        "pk": 25, 
        "model": "metadata.subjectname", 
        "fields": {
            "simbad_compliant": 1, 
            "name": "QSO 0102-190 (?)", 
            "wiki_link": ""
        }
    }, 
    {
        "pk": 10, 
        "model": "metadata.subjectname", 
        "fields": {
            "simbad_compliant": 1, 
            "name": "QSO J0003-2603", 
            "wiki_link": ""
        }
    }, 
    {
        "pk": 22, 
        "model": "metadata.subjectname", 
        "fields": {
            "simbad_compliant": 1, 
            "name": "Saturn", 
            "wiki_link": ""
        }
    }, 
    {
        "pk": 24, 
        "model": "metadata.subjectname", 
        "fields": {
            "simbad_compliant": 1, 
            "name": "Sgr A*", 
            "wiki_link": ""
        }
    }, 
    {
        "pk": 4, 
        "model": "metadata.subjectname", 
        "fields": {
            "simbad_compliant": 1, 
            "name": "SK -66 41 ", 
            "wiki_link": ""
        }
    }, 
    {
        "pk": 5, 
        "model": "metadata.subjectname", 
        "fields": {
            "simbad_compliant": 1, 
            "name": "SN 1987A", 
            "wiki_link": ""
        }
    }, 
    {
        "pk": 1, 
        "model": "metadata.subjectname", 
        "fields": {
            "simbad_compliant": 1, 
            "name": "Southern Crab", 
            "wiki_link": ""
        }
    }, 
    {
        "pk": 30, 
        "model": "metadata.subjectname", 
        "fields": {
            "simbad_compliant": 1, 
            "name": "The Adaptive Optics", 
            "wiki_link": ""
        }
    }, 
    {
        "pk": 11, 
        "model": "metadata.subjectname", 
        "fields": {
            "simbad_compliant": 1, 
            "name": "UM 673", 
            "wiki_link": ""
        }
    }, 
    {
        "pk": 7, 
        "model": "metadata.subjectname", 
        "fields": {
            "simbad_compliant": 1, 
            "name": "VLT", 
            "wiki_link": ""
        }
    }, 
    {
        "pk": 8, 
        "model": "metadata.categorytype", 
        "fields": {
            "name": "Images"
        }
    }, 
    {
        "pk": 9, 
        "model": "metadata.categorytype", 
        "fields": {
            "name": "Videos"
        }
    }, 
    {
        "pk": 53, 
        "model": "metadata.category", 
        "fields": {
            "url": "alma", 
            "subject_category": 1106, 
            "type": 8, 
            "name": "ALMA", 
            "subject_name": null
        }
    }, 
    {
        "pk": 42, 
        "model": "metadata.category", 
        "fields": {
            "url": "apex", 
            "subject_category": 1095, 
            "type": 8, 
            "name": "APEX", 
            "subject_name": null
        }
    }, 
    {
        "pk": 50, 
        "model": "metadata.category", 
        "fields": {
            "url": "blackholes", 
            "subject_category": 1103, 
            "type": 8, 
            "name": "Quasars & Black Holes", 
            "subject_name": null
        }
    }, 
    {
        "pk": 45, 
        "model": "metadata.category", 
        "fields": {
            "url": "cosmology", 
            "subject_category": 1098, 
            "type": 8, 
            "name": "Cosmology", 
            "subject_name": null
        }
    }, 
    {
        "pk": 52, 
        "model": "metadata.category", 
        "fields": {
            "url": "e-elt", 
            "subject_category": 1105, 
            "type": 8, 
            "name": "E-ELT", 
            "subject_name": null
        }
    }, 
    {
        "pk": 44, 
        "model": "metadata.category", 
        "fields": {
            "url": "galaxies", 
            "subject_category": 1097, 
            "type": 8, 
            "name": "Galaxies", 
            "subject_name": null
        }
    }, 
    {
        "pk": 41, 
        "model": "metadata.category", 
        "fields": {
            "url": "galaxyclusters", 
            "subject_category": 1094, 
            "type": 8, 
            "name": "Galaxy Clusters", 
            "subject_name": null
        }
    }, 
    {
        "pk": 49, 
        "model": "metadata.category", 
        "fields": {
            "url": "illustrations", 
            "subject_category": 1102, 
            "type": 8, 
            "name": "Illustrations", 
            "subject_name": null
        }
    }, 
    {
        "pk": 46, 
        "model": "metadata.category", 
        "fields": {
            "url": "lasilla", 
            "subject_category": 1099, 
            "type": 8, 
            "name": "La Silla", 
            "subject_name": null
        }
    }, 
    {
        "pk": 40, 
        "model": "metadata.category", 
        "fields": {
            "url": "nebulae", 
            "subject_category": 1093, 
            "type": 8, 
            "name": "Nebulae", 
            "subject_name": null
        }
    }, 
    {
        "pk": 39, 
        "model": "metadata.category", 
        "fields": {
            "url": "paranal", 
            "subject_category": 1092, 
            "type": 8, 
            "name": "Paranal", 
            "subject_name": null
        }
    }, 
    {
        "pk": 38, 
        "model": "metadata.category", 
        "fields": {
            "url": "peopleandevents", 
            "subject_category": 1091, 
            "type": 8, 
            "name": "People and Events", 
            "subject_name": null
        }
    }, 
    {
        "pk": 47, 
        "model": "metadata.category", 
        "fields": {
            "url": "premises", 
            "subject_category": 1100, 
            "type": 8, 
            "name": "Premises", 
            "subject_name": null
        }
    }, 
    {
        "pk": 43, 
        "model": "metadata.category", 
        "fields": {
            "url": "solarsystem", 
            "subject_category": 1096, 
            "type": 8, 
            "name": "Solar System", 
            "subject_name": null
        }
    }, 
    {
        "pk": 51, 
        "model": "metadata.category", 
        "fields": {
            "url": "starclusters", 
            "subject_category": 1104, 
            "type": 8, 
            "name": "Star Clusters", 
            "subject_name": null
        }
    }, 
    {
        "pk": 48, 
        "model": "metadata.category", 
        "fields": {
            "url": "stars", 
            "subject_category": 1101, 
            "type": 8, 
            "name": "Stars", 
            "subject_name": null
        }
    }, 
    {
        "pk": 70, 
        "model": "metadata.category", 
        "fields": {
            "url": "abouteso", 
            "subject_category": 1107, 
            "type": 9, 
            "name": "About ESO", 
            "subject_name": null
        }
    }, 
    {
        "pk": 69, 
        "model": "metadata.category", 
        "fields": {
            "url": "alma", 
            "subject_category": 1106, 
            "type": 9, 
            "name": "ALMA", 
            "subject_name": null
        }
    }, 
    {
        "pk": 58, 
        "model": "metadata.category", 
        "fields": {
            "url": "apex", 
            "subject_category": 1095, 
            "type": 9, 
            "name": "APEX", 
            "subject_name": null
        }
    }, 
    {
        "pk": 66, 
        "model": "metadata.category", 
        "fields": {
            "url": "blackholes", 
            "subject_category": 1103, 
            "type": 9, 
            "name": "Quasars & Black Holes", 
            "subject_name": null
        }
    }, 
    {
        "pk": 61, 
        "model": "metadata.category", 
        "fields": {
            "url": "cosmology", 
            "subject_category": 1098, 
            "type": 9, 
            "name": "Cosmology", 
            "subject_name": null
        }
    }, 
    {
        "pk": 68, 
        "model": "metadata.category", 
        "fields": {
            "url": "e-elt", 
            "subject_category": 1105, 
            "type": 9, 
            "name": "The  European ELT", 
            "subject_name": null
        }
    }, 
    {
        "pk": 72, 
        "model": "metadata.category", 
        "fields": {
            "url": "esocast", 
            "subject_category": 1109, 
            "type": 9, 
            "name": "ESOcast", 
            "subject_name": null
        }
    }, 
    {
        "pk": 73, 
        "model": "metadata.category", 
        "fields": {
            "url": "events", 
            "subject_category": 1110, 
            "type": 9, 
            "name": "Events", 
            "subject_name": null
        }
    }, 
    {
        "pk": 60, 
        "model": "metadata.category", 
        "fields": {
            "url": "galaxies", 
            "subject_category": 1097, 
            "type": 9, 
            "name": "Galaxies", 
            "subject_name": null
        }
    }, 
    {
        "pk": 57, 
        "model": "metadata.category", 
        "fields": {
            "url": "galaxyclusters", 
            "subject_category": 1094, 
            "type": 9, 
            "name": "Galaxy Clusters", 
            "subject_name": null
        }
    }, 
    {
        "pk": 65, 
        "model": "metadata.category", 
        "fields": {
            "url": "illustrations", 
            "subject_category": 1102, 
            "type": 9, 
            "name": "Illustrations", 
            "subject_name": null
        }
    }, 
    {
        "pk": 62, 
        "model": "metadata.category", 
        "fields": {
            "url": "lasilla", 
            "subject_category": 1099, 
            "type": 9, 
            "name": "La Silla", 
            "subject_name": null
        }
    }, 
    {
        "pk": 56, 
        "model": "metadata.category", 
        "fields": {
            "url": "nebulae", 
            "subject_category": 1093, 
            "type": 9, 
            "name": "Nebulae", 
            "subject_name": null
        }
    }, 
    {
        "pk": 55, 
        "model": "metadata.category", 
        "fields": {
            "url": "paranal", 
            "subject_category": 1092, 
            "type": 9, 
            "name": "Paranal", 
            "subject_name": null
        }
    }, 
    {
        "pk": 54, 
        "model": "metadata.category", 
        "fields": {
            "url": "peopleandevents", 
            "subject_category": 1091, 
            "type": 9, 
            "name": "People and Events", 
            "subject_name": null
        }
    }, 
    {
        "pk": 63, 
        "model": "metadata.category", 
        "fields": {
            "url": "premises", 
            "subject_category": 1100, 
            "type": 9, 
            "name": "Premises", 
            "subject_name": null
        }
    }, 
    {
        "pk": 59, 
        "model": "metadata.category", 
        "fields": {
            "url": "solarsystem", 
            "subject_category": 1096, 
            "type": 9, 
            "name": "Solar System", 
            "subject_name": null
        }
    }, 
    {
        "pk": 67, 
        "model": "metadata.category", 
        "fields": {
            "url": "starclusters", 
            "subject_category": 1104, 
            "type": 9, 
            "name": "Star Clusters", 
            "subject_name": null
        }
    }, 
    {
        "pk": 64, 
        "model": "metadata.category", 
        "fields": {
            "url": "stars", 
            "subject_category": 1101, 
            "type": 9, 
            "name": "Stars", 
            "subject_name": null
        }
    }, 
    {
        "pk": 71, 
        "model": "metadata.category", 
        "fields": {
            "url": "vnr", 
            "subject_category": 1108, 
            "type": 9, 
            "name": "Video News Releases", 
            "subject_name": null
        }
    }
]
