[
    {
        "pk": 1091, 
        "model": "metadata.taxonomyhierarchy", 
        "fields": {
            "name": "Hubble Images Vidoes", 
            "top_level": "X", 
            "level1": 101, 
            "level2": 1, 
            "level3": null, 
            "level4": null, 
            "level5": null
        }
    }, 
    {
        "pk": 1092, 
        "model": "metadata.taxonomyhierarchy", 
        "fields": {
            "name": "3D Animations Videos", 
            "top_level": "X", 
            "level1": 101, 
            "level2": 2, 
            "level3": null, 
            "level4": null, 
            "level5": null
        }
    }, 
    {
        "pk": 1093, 
        "model": "metadata.taxonomyhierarchy", 
        "fields": {
            "name": "Solar System Images/Videos", 
            "top_level": "X", 
            "level1": 101, 
            "level2": 3, 
            "level3": null, 
            "level4": null, 
            "level5": null
        }
    }, 
    {
        "pk": 1094, 
        "model": "metadata.taxonomyhierarchy", 
        "fields": {
            "name": "Stars Images/Videos", 
            "top_level": "X", 
            "level1": 101, 
            "level2": 4, 
            "level3": null, 
            "level4": null, 
            "level5": null
        }
    }, 
    {
        "pk": 1095, 
        "model": "metadata.taxonomyhierarchy", 
        "fields": {
            "name": "Star Clusters Images/Videos", 
            "top_level": "X", 
            "level1": 101, 
            "level2": 5, 
            "level3": null, 
            "level4": null, 
            "level5": null
        }
    }, 
    {
        "pk": 1096, 
        "model": "metadata.taxonomyhierarchy", 
        "fields": {
            "name": "Nebulae Images/Videos", 
            "top_level": "X", 
            "level1": 101, 
            "level2": 6, 
            "level3": null, 
            "level4": null, 
            "level5": null
        }
    }, 
    {
        "pk": 1097, 
        "model": "metadata.taxonomyhierarchy", 
        "fields": {
            "name": "Galaxies Images/Videos", 
            "top_level": "X", 
            "level1": 101, 
            "level2": 7, 
            "level3": null, 
            "level4": null, 
            "level5": null
        }
    }, 
    {
        "pk": 1098, 
        "model": "metadata.taxonomyhierarchy", 
        "fields": {
            "name": "Quasars/AGN/Black Hole Images/Videos", 
            "top_level": "X", 
            "level1": 101, 
            "level2": 8, 
            "level3": null, 
            "level4": null, 
            "level5": null
        }
    }, 
    {
        "pk": 1099, 
        "model": "metadata.taxonomyhierarchy", 
        "fields": {
            "name": "Cosmology Images/Videos", 
            "top_level": "X", 
            "level1": 101, 
            "level2": 9, 
            "level3": null, 
            "level4": null, 
            "level5": null
        }
    }, 
    {
        "pk": 1100, 
        "model": "metadata.taxonomyhierarchy", 
        "fields": {
            "name": "Extrasolar Planets Videos", 
            "top_level": "X", 
            "level1": 101, 
            "level2": 10, 
            "level3": null, 
            "level4": null, 
            "level5": null
        }
    }, 
    {
        "pk": 1101, 
        "model": "metadata.taxonomyhierarchy", 
        "fields": {
            "name": "JWST Images/Videos", 
            "top_level": "X", 
            "level1": 101, 
            "level2": 11, 
            "level3": null, 
            "level4": null, 
            "level5": null
        }
    }, 
    {
        "pk": 1102, 
        "model": "metadata.taxonomyhierarchy", 
        "fields": {
            "name": "Spacecraft Images/Videos", 
            "top_level": "X", 
            "level1": 101, 
            "level2": 12, 
            "level3": null, 
            "level4": null, 
            "level5": null
        }
    }, 
    {
        "pk": 1103, 
        "model": "metadata.taxonomyhierarchy", 
        "fields": {
            "name": "Miscellaneous  Images/Videos", 
            "top_level": "X", 
            "level1": 101, 
            "level2": 13, 
            "level3": null, 
            "level4": null, 
            "level5": null
        }
    }, 
    {
        "pk": 1104, 
        "model": "metadata.taxonomyhierarchy", 
        "fields": {
            "name": "Dome Videos", 
            "top_level": "X", 
            "level1": 101, 
            "level2": 14, 
            "level3": null, 
            "level4": null, 
            "level5": null
        }
    }, 
    {
        "pk": 1105, 
        "model": "metadata.taxonomyhierarchy", 
        "fields": {
            "name": "Hubble DVD Videos", 
            "top_level": "X", 
            "level1": 101, 
            "level2": 13, 
            "level3": null, 
            "level4": null, 
            "level5": null
        }
    }, 
    {
        "pk": 1106, 
        "model": "metadata.taxonomyhierarchy", 
        "fields": {
            "name": "HD Videos", 
            "top_level": "X", 
            "level1": 101, 
            "level2": 16, 
            "level3": null, 
            "level4": null, 
            "level5": null
        }
    }, 
    {
        "pk": 1107, 
        "model": "metadata.taxonomyhierarchy", 
        "fields": {
            "name": "VNR Videos", 
            "top_level": "X", 
            "level1": 101, 
            "level2": 17, 
            "level3": null, 
            "level4": null, 
            "level5": null
        }
    }, 
    {
        "pk": 1108, 
        "model": "metadata.taxonomyhierarchy", 
        "fields": {
            "name": "Stereoscopic Videos", 
            "top_level": "X", 
            "level1": 101, 
            "level2": 18, 
            "level3": null, 
            "level4": null, 
            "level5": null
        }
    }, 
    {
        "pk": 1109, 
        "model": "metadata.taxonomyhierarchy", 
        "fields": {
            "name": "Hubblecast Videos", 
            "top_level": "X", 
            "level1": 101, 
            "level2": 19, 
            "level3": null, 
            "level4": null, 
            "level5": null
        }
    }, 
    {
        "pk": 1110, 
        "model": "metadata.taxonomyhierarchy", 
        "fields": {
            "name": "Eyes on the Skies DVD  Videos", 
            "top_level": "X", 
            "level1": 101, 
            "level2": 20, 
            "level3": null, 
            "level4": null, 
            "level5": null
        }
    }, 
    {
        "pk": 1111, 
        "model": "metadata.taxonomyhierarchy", 
        "fields": {
            "name": "Illustration Images", 
            "top_level": "X", 
            "level1": 101, 
            "level2": 21, 
            "level3": null, 
            "level4": null, 
            "level5": null
        }
    }, 
    {
        "pk": 1112, 
        "model": "metadata.taxonomyhierarchy", 
        "fields": {
            "name": "Mission", 
            "top_level": "X", 
            "level1": 101, 
            "level2": 22, 
            "level3": null, 
            "level4": null, 
            "level5": null
        }
    }, 
    {
        "pk": 1, 
        "model": "metadata.categorytype", 
        "fields": {
            "name": "Images"
        }
    }, 
    {
        "pk": 2, 
        "model": "metadata.categorytype", 
        "fields": {
            "name": "Videos"
        }
    }, 
    {
        "pk": 27, 
        "model": "metadata.category", 
        "fields": {
            "url": "cosmo", 
            "subject_category": 1099, 
            "type": 1, 
            "name": "Cosmology", 
            "subject_name": null
        }
    }, 
    {
        "pk": 25, 
        "model": "metadata.category", 
        "fields": {
            "url": "galax", 
            "subject_category": 1097, 
            "type": 1, 
            "name": "Galaxies", 
            "subject_name": null
        }
    }, 
    {
        "pk": 30, 
        "model": "metadata.category", 
        "fields": {
            "url": "illustration", 
            "subject_category": 1111, 
            "type": 1, 
            "name": "Illustrations", 
            "subject_name": null
        }
    }, 
    {
        "pk": 28, 
        "model": "metadata.category", 
        "fields": {
            "url": "jwst", 
            "subject_category": 1101, 
            "type": 1, 
            "name": "JWST", 
            "subject_name": null
        }
    }, 
    {
        "pk": 29, 
        "model": "metadata.category", 
        "fields": {
            "url": "misc", 
            "subject_category": 1103, 
            "type": 1, 
            "name": "Miscellaneous", 
            "subject_name": null
        }
    }, 
    {
        "pk": 32, 
        "model": "metadata.category", 
        "fields": {
            "url": "mission", 
            "subject_category": 1112, 
            "type": 1, 
            "name": "Mission", 
            "subject_name": null
        }
    }, 
    {
        "pk": 24, 
        "model": "metadata.category", 
        "fields": {
            "url": "nebulae", 
            "subject_category": 1096, 
            "type": 1, 
            "name": "Nebulae", 
            "subject_name": null
        }
    }, 
    {
        "pk": 26, 
        "model": "metadata.category", 
        "fields": {
            "url": "quasar", 
            "subject_category": 1098, 
            "type": 1, 
            "name": "Quasars/AGN/Black Holes", 
            "subject_name": null
        }
    }, 
    {
        "pk": 21, 
        "model": "metadata.category", 
        "fields": {
            "url": "solarsystem", 
            "subject_category": 1093, 
            "type": 1, 
            "name": "Solar System", 
            "subject_name": null
        }
    }, 
    {
        "pk": 31, 
        "model": "metadata.category", 
        "fields": {
            "url": "spacecraft", 
            "subject_category": 1102, 
            "type": 1, 
            "name": "Spacecraft", 
            "subject_name": null
        }
    }, 
    {
        "pk": 22, 
        "model": "metadata.category", 
        "fields": {
            "url": "star", 
            "subject_category": 1094, 
            "type": 1, 
            "name": "Stars", 
            "subject_name": null
        }
    }, 
    {
        "pk": 23, 
        "model": "metadata.category", 
        "fields": {
            "url": "starcluster", 
            "subject_category": 1095, 
            "type": 1, 
            "name": "Star Clusters", 
            "subject_name": null
        }
    }, 
    {
        "pk": 2, 
        "model": "metadata.category", 
        "fields": {
            "url": "3d", 
            "subject_category": 1092, 
            "type": 2, 
            "name": "3D Animations", 
            "subject_name": null
        }
    }, 
    {
        "pk": 5, 
        "model": "metadata.category", 
        "fields": {
            "url": "clusters", 
            "subject_category": 1095, 
            "type": 2, 
            "name": "Star Clusters", 
            "subject_name": null
        }
    }, 
    {
        "pk": 9, 
        "model": "metadata.category", 
        "fields": {
            "url": "cosmology", 
            "subject_category": 1099, 
            "type": 2, 
            "name": "Cosmology", 
            "subject_name": null
        }
    }, 
    {
        "pk": 14, 
        "model": "metadata.category", 
        "fields": {
            "url": "dome", 
            "subject_category": 1104, 
            "type": 2, 
            "name": "Dome", 
            "subject_name": null
        }
    }, 
    {
        "pk": 15, 
        "model": "metadata.category", 
        "fields": {
            "url": "dvd", 
            "subject_category": 1105, 
            "type": 2, 
            "name": "Hubble DVD", 
            "subject_name": null
        }
    }, 
    {
        "pk": 10, 
        "model": "metadata.category", 
        "fields": {
            "url": "extrasolar", 
            "subject_category": 1100, 
            "type": 2, 
            "name": "Extrasolar Planets", 
            "subject_name": null
        }
    }, 
    {
        "pk": 20, 
        "model": "metadata.category", 
        "fields": {
            "url": "eyesontheskies", 
            "subject_category": 1110, 
            "type": 2, 
            "name": "Eyes on the Skies DVD", 
            "subject_name": null
        }
    }, 
    {
        "pk": 7, 
        "model": "metadata.category", 
        "fields": {
            "url": "galaxies", 
            "subject_category": 1097, 
            "type": 2, 
            "name": "Galaxies", 
            "subject_name": null
        }
    }, 
    {
        "pk": 16, 
        "model": "metadata.category", 
        "fields": {
            "url": "hd", 
            "subject_category": 1106, 
            "type": 2, 
            "name": "HD", 
            "subject_name": null
        }
    }, 
    {
        "pk": 1, 
        "model": "metadata.category", 
        "fields": {
            "url": "hubble", 
            "subject_category": 1091, 
            "type": 2, 
            "name": "Hubble Images", 
            "subject_name": null
        }
    }, 
    {
        "pk": 19, 
        "model": "metadata.category", 
        "fields": {
            "url": "hubblecast", 
            "subject_category": 1109, 
            "type": 2, 
            "name": "Hubblecast", 
            "subject_name": null
        }
    }, 
    {
        "pk": 11, 
        "model": "metadata.category", 
        "fields": {
            "url": "jwst", 
            "subject_category": 1101, 
            "type": 2, 
            "name": "JWST", 
            "subject_name": null
        }
    }, 
    {
        "pk": 13, 
        "model": "metadata.category", 
        "fields": {
            "url": "misc", 
            "subject_category": 1103, 
            "type": 2, 
            "name": "Miscellaneous", 
            "subject_name": null
        }
    }, 
    {
        "pk": 6, 
        "model": "metadata.category", 
        "fields": {
            "url": "nebulae", 
            "subject_category": 1096, 
            "type": 2, 
            "name": "Nebulae", 
            "subject_name": null
        }
    }, 
    {
        "pk": 8, 
        "model": "metadata.category", 
        "fields": {
            "url": "quasars", 
            "subject_category": 1098, 
            "type": 2, 
            "name": "Quasars", 
            "subject_name": null
        }
    }, 
    {
        "pk": 3, 
        "model": "metadata.category", 
        "fields": {
            "url": "solarsystem", 
            "subject_category": 1093, 
            "type": 2, 
            "name": "Solar System", 
            "subject_name": null
        }
    }, 
    {
        "pk": 12, 
        "model": "metadata.category", 
        "fields": {
            "url": "spacecraft", 
            "subject_category": 1102, 
            "type": 2, 
            "name": "Spacecraft", 
            "subject_name": null
        }
    }, 
    {
        "pk": 4, 
        "model": "metadata.category", 
        "fields": {
            "url": "stars", 
            "subject_category": 1094, 
            "type": 2, 
            "name": "Stars", 
            "subject_name": null
        }
    }, 
    {
        "pk": 18, 
        "model": "metadata.category", 
        "fields": {
            "url": "stereoscopic", 
            "subject_category": 1108, 
            "type": 2, 
            "name": "Stereoscopic", 
            "subject_name": null
        }
    }, 
    {
        "pk": 17, 
        "model": "metadata.category", 
        "fields": {
            "url": "vnr", 
            "subject_category": 1107, 
            "type": 2, 
            "name": "Video News Releases", 
            "subject_name": null
        }
    }
]
